https://katalog.landesmuseum.de/object/OTQvNzEy,silber,ding
https://katalog.landesmuseum.de/object/QyAxMTAwNCBj,keramik,ding
https://katalog.landesmuseum.de/object/NjgvMTE3IGE=,bronze,ding
https://katalog.landesmuseum.de/object/QyA2MDU4,sandstein,ding
https://katalog.landesmuseum.de/object/QiAx,keramik,ding
https://katalog.landesmuseum.de/object/QyAxMTE4MiBh,glas,ding
https://katalog.landesmuseum.de/object/MjAwOC82MzY=,keramik,ding
https://katalog.landesmuseum.de/object/QyAzNDU0,bronze,ding
https://katalog.landesmuseum.de/object/NzMvMTcxIGI=,silber,ding
https://katalog.landesmuseum.de/object/S2xlIDcvMzY=,bein,ding
